[{"model": "contenttypes.contenttype", "pk": 1, "fields": {"app_label": "admin", "model": "logentry"}}, {"model": "contenttypes.contenttype", "pk": 2, "fields": {"app_label": "auth", "model": "permission"}}, {"model": "contenttypes.contenttype", "pk": 3, "fields": {"app_label": "auth", "model": "group"}}, {"model": "contenttypes.contenttype", "pk": 4, "fields": {"app_label": "auth", "model": "user"}}, {"model": "contenttypes.contenttype", "pk": 5, "fields": {"app_label": "contenttypes", "model": "contenttype"}}, {"model": "contenttypes.contenttype", "pk": 6, "fields": {"app_label": "sessions", "model": "session"}}, {"model": "contenttypes.contenttype", "pk": 7, "fields": {"app_label": "posts", "model": "cart"}}, {"model": "contenttypes.contenttype", "pk": 8, "fields": {"app_label": "posts", "model": "category"}}, {"model": "contenttypes.contenttype", "pk": 9, "fields": {"app_label": "posts", "model": "maincourse"}}, {"model": "contenttypes.contenttype", "pk": 10, "fields": {"app_label": "posts", "model": "post"}}, {"model": "contenttypes.contenttype", "pk": 11, "fields": {"app_label": "posts", "model": "order"}}, {"model": "contenttypes.contenttype", "pk": 12, "fields": {"app_label": "posts", "model": "curriculam"}}, {"model": "contenttypes.contenttype", "pk": 13, "fields": {"app_label": "posts", "model": "comment"}}, {"model": "contenttypes.contenttype", "pk": 14, "fields": {"app_label": "posts", "model": "boxes_three"}}, {"model": "contenttypes.contenttype", "pk": 15, "fields": {"app_label": "posts", "model": "reviews"}}, {"model": "contenttypes.contenttype", "pk": 16, "fields": {"app_label": "posts", "model": "features"}}, {"model": "contenttypes.contenttype", "pk": 17, "fields": {"app_label": "posts", "model": "faq"}}, {"model": "contenttypes.contenttype", "pk": 18, "fields": {"app_label": "posts", "model": "timing"}}, {"model": "contenttypes.contenttype", "pk": 19, "fields": {"app_label": "posts", "model": "certificate"}}, {"model": "contenttypes.contenttype", "pk": 20, "fields": {"app_label": "posts", "model": "clients"}}, {"model": "contenttypes.contenttype", "pk": 21, "fields": {"app_label": "posts", "model": "video"}}, {"model": "contenttypes.contenttype", "pk": 22, "fields": {"app_label": "posts", "model": "subcat"}}, {"model": "contenttypes.contenttype", "pk": 23, "fields": {"app_label": "posts", "model": "blog"}}, {"model": "contenttypes.contenttype", "pk": 24, "fields": {"app_label": "posts", "model": "tcforblog"}}, {"model": "contenttypes.contenttype", "pk": 25, "fields": {"app_label": "posts", "model": "blankpage"}}, {"model": "contenttypes.contenttype", "pk": 26, "fields": {"app_label": "posts", "model": "promocode"}}, {"model": "contenttypes.contenttype", "pk": 27, "fields": {"app_label": "posts", "model": "offers"}}, {"model": "contenttypes.contenttype", "pk": 28, "fields": {"app_label": "posts", "model": "partenaires"}}, {"model": "contenttypes.contenttype", "pk": 29, "fields": {"app_label": "posts", "model": "formation"}}, {"model": "contenttypes.contenttype", "pk": 30, "fields": {"app_label": "posts", "model": "bientot"}}, {"model": "contenttypes.contenttype", "pk": 31, "fields": {"app_label": "posts", "model": "collabo"}}, {"model": "contenttypes.contenttype", "pk": 32, "fields": {"app_label": "posts", "model": "utilisateur"}}, {"model": "contenttypes.contenttype", "pk": 33, "fields": {"app_label": "posts", "model": "chapitre"}}, {"model": "contenttypes.contenttype", "pk": 34, "fields": {"app_label": "posts", "model": "quizz"}}, {"model": "contenttypes.contenttype", "pk": 35, "fields": {"app_label": "posts", "model": "objectif"}}, {"model": "contenttypes.contenttype", "pk": 36, "fields": {"app_label": "posts", "model": "demande_inscription"}}, {"model": "contenttypes.contenttype", "pk": 37, "fields": {"app_label": "posts", "model": "student_progess"}}, {"model": "contenttypes.contenttype", "pk": 38, "fields": {"app_label": "posts", "model": "souscription_formation"}}, {"model": "contenttypes.contenttype", "pk": 39, "fields": {"app_label": "posts", "model": "paiement"}}, {"model": "contenttypes.contenttype", "pk": 40, "fields": {"app_label": "posts", "model": "question"}}, {"model": "contenttypes.contenttype", "pk": 41, "fields": {"app_label": "posts", "model": "true_answer"}}, {"model": "contenttypes.contenttype", "pk": 42, "fields": {"app_label": "posts", "model": "answer_possible"}}, {"model": "contenttypes.contenttype", "pk": 43, "fields": {"app_label": "posts", "model": "notes"}}, {"model": "contenttypes.contenttype", "pk": 44, "fields": {"app_label": "posts", "model": "video_chap"}}, {"model": "contenttypes.contenttype", "pk": 45, "fields": {"app_label": "posts", "model": "atelier"}}, {"model": "contenttypes.contenttype", "pk": 46, "fields": {"app_label": "posts", "model": "souscription_atelier"}}, {"model": "sessions.session", "pk": "0sjcc5sbplo24ivi0ql1hu7ivnj27uhu", "fields": {"session_data": ".eJxVjMsOwiAQRf-FtSEDLTC4dO83kOExUjU0Ke3K-O_apAvd3nPOfYlA21rD1ssSpizOQonT7xYpPUrbQb5Tu80yzW1dpih3RR60y-ucy_NyuH8HlXr91mQJi0NFedSRkwM0evTIxOwVFGNVMhRh8MwWEDQlMzhWEREAMBvx_gDqQjeh:1rYgbQ:miGVOUSKG2UBdXWPG_LFOsnIojiOmeWW4MDxzzPdoGc", "expire_date": "2024-02-24T06:12:40.203Z"}}, {"model": "sessions.session", "pk": "2xi358y989g5ud51js4vn1loxxf16oyi", "fields": {"session_data": "ODQ4MDcxYjQwNGFhNDM4NWVhNDM3YTdhZmFjMTc3M2QzNDFlNGNjNDp7Il9hdXRoX3VzZXJfaWQiOiI0IiwiX2F1dGhfdXNlcl9iYWNrZW5kIjoiZGphbmdvLmNvbnRyaWIuYXV0aC5iYWNrZW5kcy5Nb2RlbEJhY2tlbmQiLCJfYXV0aF91c2VyX2hhc2giOiJlZjViNjBjNjEwNjNjODc4ZjA3NmU4YWYyNWVkODg2N2MzNTliZDAwIn0=", "expire_date": "2024-07-13T06:32:49.075Z"}}, {"model": "sessions.session", "pk": "36oa3zbj57md96zfl5q17ghepk325ocz", "fields": {"session_data": "ODQ4MDcxYjQwNGFhNDM4NWVhNDM3YTdhZmFjMTc3M2QzNDFlNGNjNDp7Il9hdXRoX3VzZXJfaWQiOiI0IiwiX2F1dGhfdXNlcl9iYWNrZW5kIjoiZGphbmdvLmNvbnRyaWIuYXV0aC5iYWNrZW5kcy5Nb2RlbEJhY2tlbmQiLCJfYXV0aF91c2VyX2hhc2giOiJlZjViNjBjNjEwNjNjODc4ZjA3NmU4YWYyNWVkODg2N2MzNTliZDAwIn0=", "expire_date": "2024-09-26T18:50:48.571Z"}}, {"model": "sessions.session", "pk": "6epo8aum299ryi8j5cs0ucv0s2i3tiij", "fields": {"session_data": "NmU1OTcwMTliZWEzZTFiYmZkYTgwZjFhZDIxOTI5NWZmMDRiYTU1MTp7Il9hdXRoX3VzZXJfaWQiOiIyIiwiX2F1dGhfdXNlcl9iYWNrZW5kIjoiZGphbmdvLmNvbnRyaWIuYXV0aC5iYWNrZW5kcy5Nb2RlbEJhY2tlbmQiLCJfYXV0aF91c2VyX2hhc2giOiJiOTRiOTBmYWE5MmY3NTZkM2E5MGJlM2JiZWY1NzgxOTAzM2MxNGNlIn0=", "expire_date": "2024-04-15T16:18:08.750Z"}}, {"model": "sessions.session", "pk": "80ih1bd57i71kb6xna8r01eoxhpplvdf", "fields": {"session_data": "NmU1OTcwMTliZWEzZTFiYmZkYTgwZjFhZDIxOTI5NWZmMDRiYTU1MTp7Il9hdXRoX3VzZXJfaWQiOiIyIiwiX2F1dGhfdXNlcl9iYWNrZW5kIjoiZGphbmdvLmNvbnRyaWIuYXV0aC5iYWNrZW5kcy5Nb2RlbEJhY2tlbmQiLCJfYXV0aF91c2VyX2hhc2giOiJiOTRiOTBmYWE5MmY3NTZkM2E5MGJlM2JiZWY1NzgxOTAzM2MxNGNlIn0=", "expire_date": "2024-03-14T02:42:51.347Z"}}, {"model": "sessions.session", "pk": "8xq0t3y54bg3t3rqof4b0bpm3l5sp85g", "fields": {"session_data": "NmFjMzA1NGZiMGMxZGUyM2NjZDk0YzJiMDg1NTQ5NTE3Yzk4NTRkOTp7Il9hdXRoX3VzZXJfaWQiOiI0IiwiX2F1dGhfdXNlcl9iYWNrZW5kIjoiZGphbmdvLmNvbnRyaWIuYXV0aC5iYWNrZW5kcy5Nb2RlbEJhY2tlbmQiLCJfYXV0aF91c2VyX2hhc2giOiJkNTUyMDMzZmQ4ODExNDA1ZjI1OWMwMWEzZjNlN2I4NzllOTAyYzdjIn0=", "expire_date": "2024-03-02T08:33:31.532Z"}}, {"model": "sessions.session", "pk": "bqbjw2tw7qd4said9age6nsy5x1d9mst", "fields": {"session_data": "ODQ4MDcxYjQwNGFhNDM4NWVhNDM3YTdhZmFjMTc3M2QzNDFlNGNjNDp7Il9hdXRoX3VzZXJfaWQiOiI0IiwiX2F1dGhfdXNlcl9iYWNrZW5kIjoiZGphbmdvLmNvbnRyaWIuYXV0aC5iYWNrZW5kcy5Nb2RlbEJhY2tlbmQiLCJfYXV0aF91c2VyX2hhc2giOiJlZjViNjBjNjEwNjNjODc4ZjA3NmU4YWYyNWVkODg2N2MzNTliZDAwIn0=", "expire_date": "2024-10-05T07:01:31.316Z"}}, {"model": "sessions.session", "pk": "d0w558rcc2muves8wepqp7e9cpnyjhlt", "fields": {"session_data": "NmU1OTcwMTliZWEzZTFiYmZkYTgwZjFhZDIxOTI5NWZmMDRiYTU1MTp7Il9hdXRoX3VzZXJfaWQiOiIyIiwiX2F1dGhfdXNlcl9iYWNrZW5kIjoiZGphbmdvLmNvbnRyaWIuYXV0aC5iYWNrZW5kcy5Nb2RlbEJhY2tlbmQiLCJfYXV0aF91c2VyX2hhc2giOiJiOTRiOTBmYWE5MmY3NTZkM2E5MGJlM2JiZWY1NzgxOTAzM2MxNGNlIn0=", "expire_date": "2024-08-10T08:21:35.392Z"}}, {"model": "sessions.session", "pk": "degq4tyqedy68bqjyvkm50y5x8lap9ww", "fields": {"session_data": "NmU1OTcwMTliZWEzZTFiYmZkYTgwZjFhZDIxOTI5NWZmMDRiYTU1MTp7Il9hdXRoX3VzZXJfaWQiOiIyIiwiX2F1dGhfdXNlcl9iYWNrZW5kIjoiZGphbmdvLmNvbnRyaWIuYXV0aC5iYWNrZW5kcy5Nb2RlbEJhY2tlbmQiLCJfYXV0aF91c2VyX2hhc2giOiJiOTRiOTBmYWE5MmY3NTZkM2E5MGJlM2JiZWY1NzgxOTAzM2MxNGNlIn0=", "expire_date": "2024-08-10T08:02:50.691Z"}}, {"model": "sessions.session", "pk": "duxmatec1b71xd0xutl8aejd70gdvd6h", "fields": {"session_data": "ODQ4MDcxYjQwNGFhNDM4NWVhNDM3YTdhZmFjMTc3M2QzNDFlNGNjNDp7Il9hdXRoX3VzZXJfaWQiOiI0IiwiX2F1dGhfdXNlcl9iYWNrZW5kIjoiZGphbmdvLmNvbnRyaWIuYXV0aC5iYWNrZW5kcy5Nb2RlbEJhY2tlbmQiLCJfYXV0aF91c2VyX2hhc2giOiJlZjViNjBjNjEwNjNjODc4ZjA3NmU4YWYyNWVkODg2N2MzNTliZDAwIn0=", "expire_date": "2024-08-10T08:14:16.996Z"}}, {"model": "sessions.session", "pk": "fgw7o6dbbhbrqrxgj057002lgq1h5vnd", "fields": {"session_data": "NmU1OTcwMTliZWEzZTFiYmZkYTgwZjFhZDIxOTI5NWZmMDRiYTU1MTp7Il9hdXRoX3VzZXJfaWQiOiIyIiwiX2F1dGhfdXNlcl9iYWNrZW5kIjoiZGphbmdvLmNvbnRyaWIuYXV0aC5iYWNrZW5kcy5Nb2RlbEJhY2tlbmQiLCJfYXV0aF91c2VyX2hhc2giOiJiOTRiOTBmYWE5MmY3NTZkM2E5MGJlM2JiZWY1NzgxOTAzM2MxNGNlIn0=", "expire_date": "2024-03-09T08:14:54.130Z"}}, {"model": "sessions.session", "pk": "g7ibm3pacuhn7iqyaotr95zwayr9396j", "fields": {"session_data": "NmU1OTcwMTliZWEzZTFiYmZkYTgwZjFhZDIxOTI5NWZmMDRiYTU1MTp7Il9hdXRoX3VzZXJfaWQiOiIyIiwiX2F1dGhfdXNlcl9iYWNrZW5kIjoiZGphbmdvLmNvbnRyaWIuYXV0aC5iYWNrZW5kcy5Nb2RlbEJhY2tlbmQiLCJfYXV0aF91c2VyX2hhc2giOiJiOTRiOTBmYWE5MmY3NTZkM2E5MGJlM2JiZWY1NzgxOTAzM2MxNGNlIn0=", "expire_date": "2024-03-18T17:38:24.686Z"}}, {"model": "sessions.session", "pk": "iqle2t5vbkzpwu1x0teberp608jxt40t", "fields": {"session_data": "NmU1OTcwMTliZWEzZTFiYmZkYTgwZjFhZDIxOTI5NWZmMDRiYTU1MTp7Il9hdXRoX3VzZXJfaWQiOiIyIiwiX2F1dGhfdXNlcl9iYWNrZW5kIjoiZGphbmdvLmNvbnRyaWIuYXV0aC5iYWNrZW5kcy5Nb2RlbEJhY2tlbmQiLCJfYXV0aF91c2VyX2hhc2giOiJiOTRiOTBmYWE5MmY3NTZkM2E5MGJlM2JiZWY1NzgxOTAzM2MxNGNlIn0=", "expire_date": "2024-03-16T08:22:37.888Z"}}, {"model": "sessions.session", "pk": "kpj2z4ej5tp5jlcdme73yzybooffzg12", "fields": {"session_data": "NmU1OTcwMTliZWEzZTFiYmZkYTgwZjFhZDIxOTI5NWZmMDRiYTU1MTp7Il9hdXRoX3VzZXJfaWQiOiIyIiwiX2F1dGhfdXNlcl9iYWNrZW5kIjoiZGphbmdvLmNvbnRyaWIuYXV0aC5iYWNrZW5kcy5Nb2RlbEJhY2tlbmQiLCJfYXV0aF91c2VyX2hhc2giOiJiOTRiOTBmYWE5MmY3NTZkM2E5MGJlM2JiZWY1NzgxOTAzM2MxNGNlIn0=", "expire_date": "2024-05-11T08:47:18.138Z"}}, {"model": "sessions.session", "pk": "l4p9lxmrhssccy0mfhh9o0txayzrqcpw", "fields": {"session_data": "NmFjMzA1NGZiMGMxZGUyM2NjZDk0YzJiMDg1NTQ5NTE3Yzk4NTRkOTp7Il9hdXRoX3VzZXJfaWQiOiI0IiwiX2F1dGhfdXNlcl9iYWNrZW5kIjoiZGphbmdvLmNvbnRyaWIuYXV0aC5iYWNrZW5kcy5Nb2RlbEJhY2tlbmQiLCJfYXV0aF91c2VyX2hhc2giOiJkNTUyMDMzZmQ4ODExNDA1ZjI1OWMwMWEzZjNlN2I4NzllOTAyYzdjIn0=", "expire_date": "2024-03-02T09:39:15.750Z"}}, {"model": "sessions.session", "pk": "lnfjc22fsxzppqkh83c4ur1roegcvaih", "fields": {"session_data": "NmU1OTcwMTliZWEzZTFiYmZkYTgwZjFhZDIxOTI5NWZmMDRiYTU1MTp7Il9hdXRoX3VzZXJfaWQiOiIyIiwiX2F1dGhfdXNlcl9iYWNrZW5kIjoiZGphbmdvLmNvbnRyaWIuYXV0aC5iYWNrZW5kcy5Nb2RlbEJhY2tlbmQiLCJfYXV0aF91c2VyX2hhc2giOiJiOTRiOTBmYWE5MmY3NTZkM2E5MGJlM2JiZWY1NzgxOTAzM2MxNGNlIn0=", "expire_date": "2024-03-16T08:25:57.997Z"}}, {"model": "sessions.session", "pk": "ltoa376268qjhp4hx8202ylyw0xsktfh", "fields": {"session_data": "NmU1OTcwMTliZWEzZTFiYmZkYTgwZjFhZDIxOTI5NWZmMDRiYTU1MTp7Il9hdXRoX3VzZXJfaWQiOiIyIiwiX2F1dGhfdXNlcl9iYWNrZW5kIjoiZGphbmdvLmNvbnRyaWIuYXV0aC5iYWNrZW5kcy5Nb2RlbEJhY2tlbmQiLCJfYXV0aF91c2VyX2hhc2giOiJiOTRiOTBmYWE5MmY3NTZkM2E5MGJlM2JiZWY1NzgxOTAzM2MxNGNlIn0=", "expire_date": "2024-03-16T06:33:28.461Z"}}, {"model": "sessions.session", "pk": "m0cs5y9psuvlwch24myyjrytjf1j8gqe", "fields": {"session_data": "ODQ4MDcxYjQwNGFhNDM4NWVhNDM3YTdhZmFjMTc3M2QzNDFlNGNjNDp7Il9hdXRoX3VzZXJfaWQiOiI0IiwiX2F1dGhfdXNlcl9iYWNrZW5kIjoiZGphbmdvLmNvbnRyaWIuYXV0aC5iYWNrZW5kcy5Nb2RlbEJhY2tlbmQiLCJfYXV0aF91c2VyX2hhc2giOiJlZjViNjBjNjEwNjNjODc4ZjA3NmU4YWYyNWVkODg2N2MzNTliZDAwIn0=", "expire_date": "2024-10-19T07:19:00.969Z"}}, {"model": "sessions.session", "pk": "otcuhvxrs1pkzz7qula5ft89ycnvj3im", "fields": {"session_data": "NmU1OTcwMTliZWEzZTFiYmZkYTgwZjFhZDIxOTI5NWZmMDRiYTU1MTp7Il9hdXRoX3VzZXJfaWQiOiIyIiwiX2F1dGhfdXNlcl9iYWNrZW5kIjoiZGphbmdvLmNvbnRyaWIuYXV0aC5iYWNrZW5kcy5Nb2RlbEJhY2tlbmQiLCJfYXV0aF91c2VyX2hhc2giOiJiOTRiOTBmYWE5MmY3NTZkM2E5MGJlM2JiZWY1NzgxOTAzM2MxNGNlIn0=", "expire_date": "2024-04-15T18:02:48.499Z"}}, {"model": "sessions.session", "pk": "p1j4q52q25nvfshiterpudvjg3szwfwq", "fields": {"session_data": "NmU1OTcwMTliZWEzZTFiYmZkYTgwZjFhZDIxOTI5NWZmMDRiYTU1MTp7Il9hdXRoX3VzZXJfaWQiOiIyIiwiX2F1dGhfdXNlcl9iYWNrZW5kIjoiZGphbmdvLmNvbnRyaWIuYXV0aC5iYWNrZW5kcy5Nb2RlbEJhY2tlbmQiLCJfYXV0aF91c2VyX2hhc2giOiJiOTRiOTBmYWE5MmY3NTZkM2E5MGJlM2JiZWY1NzgxOTAzM2MxNGNlIn0=", "expire_date": "2024-04-15T06:36:22.804Z"}}, {"model": "sessions.session", "pk": "q1bx9y6v1sf9jajdy9l9lxoywg9ud789", "fields": {"session_data": "NmFjMzA1NGZiMGMxZGUyM2NjZDk0YzJiMDg1NTQ5NTE3Yzk4NTRkOTp7Il9hdXRoX3VzZXJfaWQiOiI0IiwiX2F1dGhfdXNlcl9iYWNrZW5kIjoiZGphbmdvLmNvbnRyaWIuYXV0aC5iYWNrZW5kcy5Nb2RlbEJhY2tlbmQiLCJfYXV0aF91c2VyX2hhc2giOiJkNTUyMDMzZmQ4ODExNDA1ZjI1OWMwMWEzZjNlN2I4NzllOTAyYzdjIn0=", "expire_date": "2024-03-30T11:10:08.459Z"}}, {"model": "sessions.session", "pk": "s4xymc0nep6ph49fywlm9fbqd5mnp5qf", "fields": {"session_data": "NmU1OTcwMTliZWEzZTFiYmZkYTgwZjFhZDIxOTI5NWZmMDRiYTU1MTp7Il9hdXRoX3VzZXJfaWQiOiIyIiwiX2F1dGhfdXNlcl9iYWNrZW5kIjoiZGphbmdvLmNvbnRyaWIuYXV0aC5iYWNrZW5kcy5Nb2RlbEJhY2tlbmQiLCJfYXV0aF91c2VyX2hhc2giOiJiOTRiOTBmYWE5MmY3NTZkM2E5MGJlM2JiZWY1NzgxOTAzM2MxNGNlIn0=", "expire_date": "2024-09-28T07:57:04.074Z"}}, {"model": "sessions.session", "pk": "sevfpd0y90ylphdzo46v0tzxfiaghd3h", "fields": {"session_data": "NmU1OTcwMTliZWEzZTFiYmZkYTgwZjFhZDIxOTI5NWZmMDRiYTU1MTp7Il9hdXRoX3VzZXJfaWQiOiIyIiwiX2F1dGhfdXNlcl9iYWNrZW5kIjoiZGphbmdvLmNvbnRyaWIuYXV0aC5iYWNrZW5kcy5Nb2RlbEJhY2tlbmQiLCJfYXV0aF91c2VyX2hhc2giOiJiOTRiOTBmYWE5MmY3NTZkM2E5MGJlM2JiZWY1NzgxOTAzM2MxNGNlIn0=", "expire_date": "2024-02-26T18:38:56.749Z"}}, {"model": "sessions.session", "pk": "t7uwfjeakh824gtkn51xm0qlm8w6m41z", "fields": {"session_data": "ZTU3YThiMGFkMzExNzg5NDgyMTljYzI5YTk4MWExNjJhMzVhZDA3ZDp7Il9tZXNzYWdlcyI6IltbXCJfX2pzb25fbWVzc2FnZVwiLDAsMjUsXCI8Yj5GXFx1MDBlOWxpY2l0YXRpb24hISEgVm90cmUgZGUgbWFuZGUgZCdpbnNjcmlwdGlvbiBhIGJpZW4gXFx1MDBlOXRcXHUwMGU5IGVucmVnaXN0clxcdTAwZTkhPC9iPiA8YnI+Vm91cyBzZXJleiBub3RpZmlcXHUwMGU5IHBhciBFLW1haWwgYXByXFx1MDBlOHMgbGEgdmFsaWRhdGlvbiBkZSB2b3RyZSBkZW1hbmRlLlwiXV0ifQ==", "expire_date": "2024-03-29T04:02:09.522Z"}}, {"model": "sessions.session", "pk": "ubbss92ca1jp2pozpt0exs0mu7csnbgb", "fields": {"session_data": "NDYzNzcyNGI3NGZjODdjNTRhOWJkYTE3NjFlNDczMDJiMjdiYmYxNDp7Il9hdXRoX3VzZXJfaWQiOiIxIiwiX2F1dGhfdXNlcl9iYWNrZW5kIjoiZGphbmdvLmNvbnRyaWIuYXV0aC5iYWNrZW5kcy5Nb2RlbEJhY2tlbmQiLCJfYXV0aF91c2VyX2hhc2giOiI4MmIzOThiNDc3ZTljMGEwNzg2NTljMmE0ZThjZTlmMzhlNDlhZjJiIn0=", "expire_date": "2024-02-24T11:41:06.185Z"}}, {"model": "sessions.session", "pk": "xoegu3vxmt8spv2gs966bx1v84xlu7h0", "fields": {"session_data": "NmU1OTcwMTliZWEzZTFiYmZkYTgwZjFhZDIxOTI5NWZmMDRiYTU1MTp7Il9hdXRoX3VzZXJfaWQiOiIyIiwiX2F1dGhfdXNlcl9iYWNrZW5kIjoiZGphbmdvLmNvbnRyaWIuYXV0aC5iYWNrZW5kcy5Nb2RlbEJhY2tlbmQiLCJfYXV0aF91c2VyX2hhc2giOiJiOTRiOTBmYWE5MmY3NTZkM2E5MGJlM2JiZWY1NzgxOTAzM2MxNGNlIn0=", "expire_date": "2024-04-15T16:05:16.610Z"}}, {"model": "sessions.session", "pk": "y5k1mb0faxer99sdd5q230iwvydgz2gp", "fields": {"session_data": "NmU1OTcwMTliZWEzZTFiYmZkYTgwZjFhZDIxOTI5NWZmMDRiYTU1MTp7Il9hdXRoX3VzZXJfaWQiOiIyIiwiX2F1dGhfdXNlcl9iYWNrZW5kIjoiZGphbmdvLmNvbnRyaWIuYXV0aC5iYWNrZW5kcy5Nb2RlbEJhY2tlbmQiLCJfYXV0aF91c2VyX2hhc2giOiJiOTRiOTBmYWE5MmY3NTZkM2E5MGJlM2JiZWY1NzgxOTAzM2MxNGNlIn0=", "expire_date": "2024-10-12T08:55:36.143Z"}}, {"model": "sessions.session", "pk": "y6ystxutzw9ng2go22yczkwpbi3z88jf", "fields": {"session_data": "NmU1OTcwMTliZWEzZTFiYmZkYTgwZjFhZDIxOTI5NWZmMDRiYTU1MTp7Il9hdXRoX3VzZXJfaWQiOiIyIiwiX2F1dGhfdXNlcl9iYWNrZW5kIjoiZGphbmdvLmNvbnRyaWIuYXV0aC5iYWNrZW5kcy5Nb2RlbEJhY2tlbmQiLCJfYXV0aF91c2VyX2hhc2giOiJiOTRiOTBmYWE5MmY3NTZkM2E5MGJlM2JiZWY1NzgxOTAzM2MxNGNlIn0=", "expire_date": "2024-03-02T14:34:42.845Z"}}, {"model": "posts.partenaires", "pk": 1, "fields": {"partner_id": 1, "nom": "TUMBU", "logo": "images/logo_tumbu.jpg", "Description": "Agence de formation ayant pour objectif d\u2019aider les futurs professionnels de l\u2019\u00e9v\u00e9nementiel, de l\u2019h\u00f4tellerie, de la restauration et des m\u00e9tiers de service \u00e0 montrer ce que Madagascar a de meilleur \u00e0 offrir."}}, {"model": "posts.partenaires", "pk": 2, "fields": {"partner_id": 2, "nom": "MIARY DIGITAL", "logo": "images/logo_miary.png", "Description": "Il s\u2019agit d\u2019un programme d\u2019incubation et d\u2019attribution de subventions \u00e0 des porteurs de projet et des startups entrepreneurs du secteur du num\u00e9rique, incub\u00e9s par cohortes."}}, {"model": "posts.partenaires", "pk": 3, "fields": {"partner_id": 3, "nom": "ZAFY TODY", "logo": "images/logo_zafitody.jpg", "Description": "Incubateur pro-bono sp\u00e9cialis\u00e9 dans l\u2019accompagnement des startups tech \u00e0 Madagascar, proposant un service d\u2019incubation \u201cend-to-end\u201d."}}, {"model": "posts.formation", "pk": "ab_bar", "fields": {"formation_img": "blogdesign/assets/img/bar_formation.jpg", "formation_name": "Agrandrir son bar", "formation_descr": "Ce texte est g\u00e9n\u00e9r\u00e9 \u00e0 des fins de remplissage et n'a pas de signification r\u00e9elle, il est utilis\u00e9 comme espace r\u00e9serv\u00e9 dans la mise en page et la conception. Vous pouvez \u00e9galement g\u00e9n\u00e9rer des textes Lorem Ipsum de diff\u00e9rentes longueurs en utilisant des g\u00e9n\u00e9rateurs en ligne ou des biblioth\u00e8ques de programmation.", "formation_presentation": "formations/presentations/Cha 5 - 2.mp4", "formation_type": "payant", "formation_prix": 100000, "formation_duree": "UNDEFINED", "created_at": "2024-03-19"}}, {"model": "posts.formation", "pk": "BA-ba", "fields": {"formation_img": "blogdesign/assets/img/jeshoots-com-__ZMnefoI3k-unsplash.jpg", "formation_name": "BA-ba de l'hygi\u00e8ne alimentaire", "formation_descr": "Vous d\u00e9couvrirez les aspects les plus importants pour pouvoir mettre en place un plan de nettoyage et de d\u00e9sinfection efficace au sein de votre \u00e9tablissement : les principes de la marche en avant et de HACCP, s\u00e9curisation des denr\u00e9es alimentaires, \u00e9laboration d'un plan de nettoyage et de d\u00e9sinfection pertinent.", "formation_presentation": "formations/presentations/Cha 5 - 2.mp4", "formation_type": "gratuit", "formation_prix": 0, "formation_duree": "UNDEFINED", "created_at": "2024-03-04"}}, {"model": "posts.formation", "pk": "business", "fields": {"formation_img": "blogdesign/assets/img/microsoft-365-oUbzU87d1Gc-unsplash.jpg", "formation_name": "Cr\u00e9er son propre business", "formation_descr": "Cr\u00e9ez votre propre business et r\u00e9aliser le job de vos r\u00eaves", "formation_presentation": "formations/presentations/Cha 5 - 2.mp4", "formation_type": "payant", "formation_prix": 100000, "formation_duree": "UNDEFINED", "created_at": "2024-03-19"}}, {"model": "posts.formation", "pk": "form_test", "fields": {"formation_img": "blogdesign/assets/img/POST_FORMATION-EN-LIGNE.jpg", "formation_name": "Une formation test", "formation_descr": "un simple test pour l'acc\u00e8s \u00e0 des formation payantes", "formation_presentation": "formations/presentations/Screencast from 20.07.2024 17:38:32.webm", "formation_type": "payant", "formation_prix": 100000, "formation_duree": "UNDEFINED", "created_at": "2024-08-03"}}, {"model": "posts.formation", "pk": "info_rest", "fields": {"formation_img": "blogdesign/assets/img/jeshoots-com-__ZMnefoI3k-unsplash.jpg", "formation_name": "Informatique dans la restauration", "formation_descr": "Lorem ipsum dolor sit amet, consectetur adipiscing elit. Phasellus imperdiet, nulla et dictum interdum, nisi lorem egestas odio, vitae scelerisque enim ligula venenatis dolor. Maecenas nisl est, ultrices nec congue eget, auctor vitae massa. Fusce luctus vestibulum augue ut aliquet. Nunc sagittis dictum nisi, sed ullamcorper ipsum dignissim ac. In at libero sed nunc venenatis imperdiet sed ornare turpis. Donec vitae dui eget tellus gravida venenatis. Integer fringilla congue eros non fermentum. Sed dapibus pulvinar nibh tempor porta. Cras ac\r\n", "formation_presentation": "formations/presentations/Titre.mp4", "formation_type": "payant", "formation_prix": 100000, "formation_duree": "UNDEFINED", "created_at": "2024-08-31"}}, {"model": "posts.formation", "pk": "rest_mada", "fields": {"formation_img": "blogdesign/assets/img/petr-sevcovic-e5Q5vWO55uU-unsplash.jpg", "formation_name": "R\u00e9ussir dans la restauration \u00e0 Madagascar", "formation_descr": "Ce mini-programme vous initiera sur les pr\u00e9alables \u00e0 conna\u00eetre pour faire de votre restaurant un succ\u00e8s : comment choisir le type de restaurant adapt\u00e9 \u00e0 votre client\u00e8le, les phases de lancement et de rodage ainsi que les meilleures strat\u00e9gies de d\u00e9marrage limitant les risques.", "formation_presentation": "formations/presentations/Cha 5 - 2.mp4", "formation_type": "gratuit", "formation_prix": 0, "formation_duree": "UNDEFINED", "created_at": "2024-03-04"}}, {"model": "posts.formation", "pk": "tendance", "fields": {"formation_img": "blogdesign/assets/img/nick-karvounis-Ciqxn7FE4vE-unsplash.jpg", "formation_name": "Les tendances en restauration en 2024", "formation_descr": "Quelles sont les innovations dans le secteur ? Quelles nouveaut\u00e9s vont r\u00e9volutionner l'Afrique ? Pour vous aider \u00e0 tirer le meilleur des tendances que nous avons jug\u00e9es les plus pertinentes pour notre contexte,nous avons con\u00e7u ce mini-programme.", "formation_presentation": "formations/presentations/Cha 5 - 2.mp4", "formation_type": "gratuit", "formation_prix": 0, "formation_duree": "UNDEFINED", "created_at": "2024-03-04"}}, {"model": "posts.formation", "pk": "test_form", "fields": {"formation_img": "blogdesign/assets/img/petr-sevcovic-e5Q5vWO55uU-unsplash.jpg", "formation_name": "un simple test", "formation_descr": "c'est juste un test", "formation_presentation": "formations/presentations/Cha 5 - 2.mp4", "formation_type": "gratuit", "formation_prix": 0, "formation_duree": "UNDEFINED", "created_at": "2024-06-29"}}, {"model": "posts.demande_inscription", "pk": 21, "fields": {"matricule": 0, "formation_id": "ab_bar", "status": "validated", "dmd_date": "2024-03-23", "date_validation": "2024-09-07", "email": "toky45@gmail.com", "first_name": "Rojovola", "last_name": "Rakotomamonjy", "sex": "H", "adress": "Restaurant KMM", "phone": "0346979370", "username": "toky45", "password": "1234AZERTY", "already_signed_up": "Yes"}}, {"model": "posts.bientot", "pk": 1, "fields": {"prog_id": 1, "prog_title": "R\u00e9ussir dans la restauration \u00e0 Madagascar", "prog_descr": "Ce mini-programme vous initiera sur les pr\u00e9alables \u00e0 conna\u00eetre pour faire de votre restaurant un succ\u00e8s : comment choisir le type de restaurant adapt\u00e9 \u00e0 votre client\u00e8le, les phases de lancement et de rodage ainsi que les meilleures strat\u00e9gies de d\u00e9marrage limitant les risques.", "prog_img": "/blogdesign/assets/img/petr-sevcovic-e5Q5vWO55uU-unsplash.jpg", "prog_resume": "resume"}}, {"model": "posts.bientot", "pk": 2, "fields": {"prog_id": 2, "prog_title": "BA-ba de l'hygi\u00e8ne alimentaire", "prog_descr": "Vous d\u00e9couvrirez les aspects les plus importants pour pouvoir mettre en place un plan de nettoyage et de d\u00e9sinfection efficace au sein de votre \u00e9tablissement : les principes de la marche en avant et de HACCP, s\u00e9curisation des denr\u00e9es alimentaires, \u00e9laboration d'un plan de nettoyage et de d\u00e9sinfection pertinent.", "prog_img": "blogdesign/assets/img/jeshoots-com-__ZMnefoI3k-unsplash.jpg", "prog_resume": "resume"}}, {"model": "posts.bientot", "pk": 3, "fields": {"prog_id": 3, "prog_title": "Les tendances en restauration en 2024", "prog_descr": "Quelles sont les innovations dans le secteur ? Quelles nouveaut\u00e9s vont r\u00e9volutionner l'Afrique ? Pour vous aider \u00e0 tirer le meilleur des tendances que nous avons jug\u00e9es les plus pertinentes pour notre contexte,nous avons con\u00e7u ce mini-programme.", "prog_img": "/blogdesign/assets/img/nick-karvounis-Ciqxn7FE4vE-unsplash.jpg", "prog_resume": "resume"}}, {"model": "posts.chapitre", "pk": 1, "fields": {"frmt_id": "tendance", "chap_order": 0, "titre": "Introduction", "description": "Une petite description de la formation", "cours_content": "formations/courses/INTRO.mp4", "cours_file_type": "video", "exemple_content": "formations/exemples/PARTIE 1 - 1.mp4", "exemple_file_type": "video", "quizz_content": "formations/quizz/TEST 1.png", "quizz_file_type": "UNKNOWN", "duree_min": "UNDEFINED", "date_creation": "2024-03-19T19:09:54.455Z"}}, {"model": "posts.chapitre", "pk": 2, "fields": {"frmt_id": "ab_bar", "chap_order": 0, "titre": "premier chapitre", "description": "Ce texte est g\u00e9n\u00e9r\u00e9 \u00e0 des fins de remplissage et n'a pas de signification r\u00e9elle, il est utilis\u00e9 comme espace r\u00e9serv\u00e9 dans la mise en page et la conception. Vous pouvez \u00e9galement g\u00e9n\u00e9rer des textes Lorem Ipsum de diff\u00e9rentes longueurs en utilisant des g\u00e9n\u00e9rateurs en ligne ou des biblioth\u00e8ques de programmation.", "cours_content": "formations/courses/INTRO.mp4", "cours_file_type": "video", "exemple_content": "formations/exemples/PARTIE 1 - 1.mp4", "exemple_file_type": "video", "quizz_content": "formations/quizz/TEST 1.png", "quizz_file_type": "UNKNOWN", "duree_min": "UNDEFINED", "date_creation": "2024-03-30T11:17:28.070Z"}}, {"model": "posts.chapitre", "pk": 3, "fields": {"frmt_id": "ab_bar", "chap_order": 0, "titre": "deuxi\u00e8me chapitre", "description": "Ce texte est g\u00e9n\u00e9r\u00e9 \u00e0 des fins de remplissage et n'a pas de signification r\u00e9elle, il est utilis\u00e9 comme espace r\u00e9serv\u00e9 dans la mise en page et la conception. Vous pouvez \u00e9galement g\u00e9n\u00e9rer des textes Lorem Ipsum de diff\u00e9rentes longueurs en utilisant des g\u00e9n\u00e9rateurs en ligne ou des biblioth\u00e8ques de programmation.", "cours_content": "formations/courses/INTRO.mp4", "cours_file_type": "video", "exemple_content": "formations/exemples/PARTIE 1 - 1.mp4", "exemple_file_type": "video", "quizz_content": "formations/quizz/TEST 1.png", "quizz_file_type": "UNKNOWN", "duree_min": "UNDEFINED", "date_creation": "2024-03-30T11:19:26.415Z"}}, {"model": "posts.chapitre", "pk": 4, "fields": {"frmt_id": "business", "chap_order": 0, "titre": "chapitre 1", "description": "Ce texte est g\u00e9n\u00e9r\u00e9 \u00e0 des fins de remplissage et n'a pas de signification r\u00e9elle, il est utilis\u00e9 comme espace r\u00e9serv\u00e9 dans la mise en page et la conception. Vous pouvez \u00e9galement g\u00e9n\u00e9rer des textes Lorem Ipsum de diff\u00e9rentes longueurs en utilisant des g\u00e9n\u00e9rateurs en ligne ou des biblioth\u00e8ques de programmation.", "cours_content": "formations/courses/INTRO.mp4", "cours_file_type": "video", "exemple_content": "formations/exemples/PARTIE 1 - 1.mp4", "exemple_file_type": "video", "quizz_content": "formations/quizz/TEST 1.png", "quizz_file_type": "UNKNOWN", "duree_min": "UNDEFINED", "date_creation": "2024-04-06T12:19:42.833Z"}}, {"model": "posts.chapitre", "pk": 5, "fields": {"frmt_id": "business", "chap_order": 0, "titre": "chapitre 2", "description": "Ce texte est g\u00e9n\u00e9r\u00e9 \u00e0 des fins de remplissage et n'a pas de signification r\u00e9elle, il est utilis\u00e9 comme espace r\u00e9serv\u00e9 dans la mise en page et la conception. Vous pouvez \u00e9galement g\u00e9n\u00e9rer des textes Lorem Ipsum de diff\u00e9rentes longueurs en utilisant des g\u00e9n\u00e9rateurs en ligne ou des biblioth\u00e8ques de programmation.", "cours_content": "formations/courses/INTRO.mp4", "cours_file_type": "video", "exemple_content": "formations/exemples/PARTIE 1 - 1.mp4", "exemple_file_type": "video", "quizz_content": "formations/quizz/TEST 1.png", "quizz_file_type": "UNKNOWN", "duree_min": "UNDEFINED", "date_creation": "2024-04-06T12:20:27.095Z"}}, {"model": "posts.chapitre", "pk": 6, "fields": {"frmt_id": "business", "chap_order": 0, "titre": "chapitre 2", "description": "Ce texte est g\u00e9n\u00e9r\u00e9 \u00e0 des fins de remplissage et n'a pas de signification r\u00e9elle, il est utilis\u00e9 comme espace r\u00e9serv\u00e9 dans la mise en page et la conception. Vous pouvez \u00e9galement g\u00e9n\u00e9rer des textes Lorem Ipsum de diff\u00e9rentes longueurs en utilisant des g\u00e9n\u00e9rateurs en ligne ou des biblioth\u00e8ques de programmation.", "cours_content": "formations/courses/INTRO.mp4", "cours_file_type": "video", "exemple_content": "formations/exemples/PARTIE 1 - 1.mp4", "exemple_file_type": "video", "quizz_content": "formations/quizz/TEST 1.png", "quizz_file_type": "UNKNOWN", "duree_min": "UNDEFINED", "date_creation": "2024-04-06T15:20:15.790Z"}}, {"model": "posts.chapitre", "pk": 8, "fields": {"frmt_id": "rest_mada", "chap_order": 0, "titre": "Chapitre 1", "description": "test du chapitre 1", "cours_content": "formations/presentations/Pr\u00e9sentation chap 1.mp4", "cours_file_type": "UNKNOWN", "exemple_content": "UNUPLOADED", "exemple_file_type": "UNKNOWN", "quizz_content": "UNUPLOADED", "quizz_file_type": "UNKNOWN", "duree_min": "UNDEFINED", "date_creation": "2024-06-22T08:12:49.648Z"}}, {"model": "posts.chapitre", "pk": 9, "fields": {"frmt_id": "rest_mada", "chap_order": 0, "titre": "chapitre 2", "description": "descr du chapitre 2", "cours_content": "formations/presentations/Pr\u00e9sentation chap 2.mp4", "cours_file_type": "UNKNOWN", "exemple_content": "UNUPLOADED", "exemple_file_type": "UNKNOWN", "quizz_content": "UNUPLOADED", "quizz_file_type": "UNKNOWN", "duree_min": "UNDEFINED", "date_creation": "2024-06-22T08:13:42.908Z"}}, {"model": "posts.chapitre", "pk": 10, "fields": {"frmt_id": "rest_mada", "chap_order": 0, "titre": "chapitre 3", "description": "descr simple", "cours_content": "formations/presentations/Pr\u00e9sentation chap 3.mp4", "cours_file_type": "UNKNOWN", "exemple_content": "UNUPLOADED", "exemple_file_type": "UNKNOWN", "quizz_content": "UNUPLOADED", "quizz_file_type": "UNKNOWN", "duree_min": "UNDEFINED", "date_creation": "2024-06-22T08:14:15.086Z"}}, {"model": "posts.chapitre", "pk": 11, "fields": {"frmt_id": "rest_mada", "chap_order": 0, "titre": "chapitre 4", "description": "une simple description", "cours_content": "formations/presentations/Pr\u00e9sentation chap 4.mp4", "cours_file_type": "UNKNOWN", "exemple_content": "UNUPLOADED", "exemple_file_type": "UNKNOWN", "quizz_content": "UNUPLOADED", "quizz_file_type": "UNKNOWN", "duree_min": "UNDEFINED", "date_creation": "2024-06-22T08:14:45.846Z"}}, {"model": "posts.chapitre", "pk": 12, "fields": {"frmt_id": "rest_mada", "chap_order": 0, "titre": "chapitre 5", "description": "descr du chap 5", "cours_content": "formations/presentations/Pr\u00e9sentation chap 5.mp4", "cours_file_type": "UNKNOWN", "exemple_content": "UNUPLOADED", "exemple_file_type": "UNKNOWN", "quizz_content": "UNUPLOADED", "quizz_file_type": "UNKNOWN", "duree_min": "UNDEFINED", "date_creation": "2024-06-22T08:15:09.949Z"}}, {"model": "posts.objectif", "pk": 1, "fields": {"chap_id": 1, "frmt_id": "1", "objctf_id": 2, "objctf_content": "Pr\u00e9sentation du march\u00e9 de la restauration \u00e0 Madagascar ", "duree_min": "2"}}, {"model": "posts.objectif", "pk": 3, "fields": {"chap_id": 1, "frmt_id": "1", "objctf_id": 4, "objctf_content": "Importance de l'exp\u00e9rience client, surtout dans un contexte o\u00f9 elle peut \u00eatre nouvelle pour certains employ\u00e9s", "duree_min": "2"}}, {"model": "posts.objectif", "pk": 5, "fields": {"chap_id": 1, "frmt_id": "1", "objctf_id": 6, "objctf_content": " Gestion des impr\u00e9vus (coupures d'\u00e9lectricit\u00e9, p\u00e9nuries d'eau)", "duree_min": "2"}}, {"model": "posts.objectif", "pk": 7, "fields": {"chap_id": 1, "frmt_id": "1", "objctf_id": 8, "objctf_content": "Adaptation au co\u00fbt des produits import\u00e9s et utilisation des produits locaux.", "duree_min": "2"}}, {"model": "posts.collabo", "pk": 1, "fields": {"firstname": "Lindsay", "lastname": "Andriamananantena", "sex": "M", "date_birth": "1998-08-28", "picture": "images/Lindsay.png", "date_member": "2023-12-01", "post": "Engineer Data Fullstack"}}, {"model": "posts.collabo", "pk": 2, "fields": {"firstname": "Jenny", "lastname": "Malala M", "sex": "F", "date_birth": "1989-07-26", "picture": "images/Jenny.png", "date_member": "2023-12-01", "post": "CEO & Hospitality coach"}}, {"model": "posts.collabo", "pk": 3, "fields": {"firstname": "Solonirina", "lastname": "Randriamihamina", "sex": "M", "date_birth": "1987-07-26", "picture": "images/Solo.png", "date_member": "2023-12-01", "post": "Tech Lead Senior"}}, {"model": "posts.utilisateur", "pk": 2, "fields": {"email": "admin@nf.mg", "first_name": "admin", "last_name": "admin", "sex": "H", "adress": "nfa", "phone": 34565222, "username": "admin", "password": "Administration1234", "activitys": "", "last_login": "", "titre": "", "skype": "", "organisation": "", "user_type": "admin", "profile_pic": "media/profile_pic/default-pic.jpg", "date_souscription": "2024-03-30", "is_online": false, "is_active": false, "is_staff": false}}, {"model": "posts.utilisateur", "pk": 4, "fields": {"email": "newsolomail@gmail.com", "first_name": "Andriamanantena", "last_name": "Lindsay Wogg", "sex": "H", "adress": "solo new adress 110", "phone": 341234567, "username": "wogg", "password": "Stylo1245", "activitys": "J'ai une id\u00e9e de Food business mais je n'ai pas encore commenc\u00e9 \u00e0 l'impl\u00e9menter.", "last_login": "", "titre": "", "skype": "sololeveling", "organisation": "", "user_type": "student", "profile_pic": "media/profile_pic/359959392_677246784046980_3858924738449192981_n (2).jpg", "date_souscription": "2024-03-30", "is_online": false, "is_active": false, "is_staff": false}}, {"model": "posts.utilisateur", "pk": 17, "fields": {"email": "thierry@gmail.com", "first_name": "Thierry", "last_name": "Andriamanantena", "sex": "H", "adress": "adresse de Thierry", "phone": 344343434, "username": "thierry", "password": "8D8Tk2r4", "activitys": "", "last_login": "", "titre": "", "skype": "", "organisation": "", "user_type": "student", "profile_pic": "media/profile_pic/thierry.jpeg", "date_souscription": "2024-03-30", "is_online": false, "is_active": true, "is_staff": false}}, {"model": "posts.utilisateur", "pk": 18, "fields": {"email": "fanjatiana@gmail.com", "first_name": "Annissah", "last_name": "Fanjatiana", "sex": "F", "adress": "Adresse de Fanja", "phone": 34543536, "username": "fanja", "password": "6w3p8P8I", "activitys": "Mon activit\u00e9 dans le food business est d\u00e9j\u00e0 performante mais j'aimerais explorer de nouveaux march\u00e9s.", "last_login": "", "titre": "", "skype": "", "organisation": "", "user_type": "student", "profile_pic": "media/profile_pic/annissah.jpeg", "date_souscription": "2024-03-30", "is_online": false, "is_active": true, "is_staff": false}}, {"model": "posts.utilisateur", "pk": 19, "fields": {"email": "toky45@gmail.com", "first_name": "Rojovola", "last_name": "Rakotomamonjy", "sex": "H", "adress": "Restaurant KMM", "phone": 346979370, "username": "toky45", "password": "35tcY2L9", "activitys": "", "last_login": "", "titre": "", "skype": "", "organisation": "", "user_type": "student", "profile_pic": "default-pic.jpg", "date_souscription": "2024-09-07", "is_online": false, "is_active": true, "is_staff": false}}, {"model": "posts.souscription_formation", "pk": 7, "fields": {"formation_id": "business", "matricule": 4, "operator": "mvola", "ref_transact": "1234", "souscription_status": "Validated", "date_souscription": "2024-04-06", "date_modification": "2024-04-20"}}, {"model": "posts.souscription_formation", "pk": 9, "fields": {"formation_id": "ab_bar", "matricule": 4, "operator": "mvola", "ref_transact": "1234567", "souscription_status": "Denied", "date_souscription": "2024-04-07", "date_modification": "2024-04-20"}}, {"model": "posts.souscription_formation", "pk": 10, "fields": {"formation_id": "business", "matricule": 18, "operator": "mvola", "ref_transact": "4567654", "souscription_status": "Validated", "date_souscription": "2024-04-13", "date_modification": "2024-04-20"}}, {"model": "posts.souscription_formation", "pk": 11, "fields": {"formation_id": "ab_bar", "matricule": 18, "operator": "mvola", "ref_transact": "987890", "souscription_status": "Denied", "date_souscription": "2024-04-13", "date_modification": "2024-04-27"}}, {"model": "posts.souscription_formation", "pk": 12, "fields": {"formation_id": "business", "matricule": 17, "operator": "orange_money", "ref_transact": "jH876sdf", "souscription_status": "Waiting", "date_souscription": "2024-04-13", "date_modification": "2024-04-20"}}, {"model": "posts.souscription_formation", "pk": 13, "fields": {"formation_id": "ab_bar", "matricule": 17, "operator": "airtel_money", "ref_transact": "09lkjbj234", "souscription_status": "Waiting", "date_souscription": "2024-04-13", "date_modification": "2024-04-20"}}, {"model": "posts.souscription_formation", "pk": 14, "fields": {"formation_id": "form_test", "matricule": 18, "operator": "mvola", "ref_transact": "0987654321", "souscription_status": "Waiting", "date_souscription": "2024-08-31", "date_modification": ""}}, {"model": "posts.paiement", "pk": 6, "fields": {"date_paiement": "2024-04-07", "matricule": 4, "montant": 100000, "ref_transact": "1234", "formation_id": "business", "sender": "0348734554", "receiver": "0346765567", "transact_type": "mvola", "remarque": "test 5"}}, {"model": "posts.paiement", "pk": 7, "fields": {"date_paiement": "2024-04-07", "matricule": 4, "montant": 100000, "ref_transact": "1234567", "formation_id": "ab_bar", "sender": "0348734554", "receiver": "0346765567", "transact_type": "mvola", "remarque": "ceci est juste un test pour v\u00e9rifier l'automatisation du v\u00e9rification des paiement sur les demandes d'inscriptions aux formations payantes"}}, {"model": "posts.question", "pk": 4, "fields": {"formation_id": "ab_bar", "chap_id": 2, "question_text": "Comment t'appelle tu?", "answers": "[\"C\"]"}}, {"model": "posts.question", "pk": 5, "fields": {"formation_id": "ab_bar", "chap_id": 2, "question_text": "c'est qui le chef", "answers": "[\"A\", \"B\", \"C\"]"}}, {"model": "posts.question", "pk": 6, "fields": {"formation_id": "ab_bar", "chap_id": 2, "question_text": "o\u00f9 est-tu?", "answers": "[\"A\"]"}}, {"model": "posts.question", "pk": 7, "fields": {"formation_id": "ab_bar", "chap_id": 3, "question_text": "que fais tu?", "answers": "[\"B\"]"}}, {"model": "posts.question", "pk": 8, "fields": {"formation_id": "business", "chap_id": 4, "question_text": "qu'est ce que tu veux?", "answers": "[\"B\"]"}}, {"model": "posts.question", "pk": 9, "fields": {"formation_id": "business", "chap_id": 4, "question_text": "tu as quelle \u00e2ge?", "answers": "[\"B\"]"}}, {"model": "posts.question", "pk": 12, "fields": {"formation_id": "tendance", "chap_id": 1, "question_text": "", "answers": "[]"}}, {"model": "posts.question", "pk": 13, "fields": {"formation_id": "rest_mada", "chap_id": 8, "question_text": "comment t'appelle tu?", "answers": "[\"B\"]"}}, {"model": "posts.question", "pk": 14, "fields": {"formation_id": "rest_mada", "chap_id": 8, "question_text": "o\u00f9 habite-tu?", "answers": "[\"A\"]"}}, {"model": "posts.question", "pk": 15, "fields": {"formation_id": "rest_mada", "chap_id": 8, "question_text": "Quelle \u00e2ge as-tu?", "answers": "[\"C\"]"}}, {"model": "posts.answer_possible", "pk": 4, "fields": {"question_id": 4, "answer_text": "Solo", "answer_alias": "A"}}, {"model": "posts.answer_possible", "pk": 5, "fields": {"question_id": 4, "answer_text": "Jenny", "answer_alias": "B"}}, {"model": "posts.answer_possible", "pk": 6, "fields": {"question_id": 4, "answer_text": "Lindsay", "answer_alias": "C"}}, {"model": "posts.answer_possible", "pk": 7, "fields": {"question_id": 5, "answer_text": "moi", "answer_alias": "A"}}, {"model": "posts.answer_possible", "pk": 8, "fields": {"question_id": 5, "answer_text": "toi", "answer_alias": "B"}}, {"model": "posts.answer_possible", "pk": 9, "fields": {"question_id": 5, "answer_text": "nous", "answer_alias": "C"}}, {"model": "posts.answer_possible", "pk": 10, "fields": {"question_id": 6, "answer_text": "Antananarivo", "answer_alias": "A"}}, {"model": "posts.answer_possible", "pk": 11, "fields": {"question_id": 6, "answer_text": "Antsirabe", "answer_alias": "B"}}, {"model": "posts.answer_possible", "pk": 12, "fields": {"question_id": 6, "answer_text": "Moramange", "answer_alias": "C"}}, {"model": "posts.answer_possible", "pk": 13, "fields": {"question_id": 7, "answer_text": "rien", "answer_alias": "A"}}, {"model": "posts.answer_possible", "pk": 14, "fields": {"question_id": 7, "answer_text": "je dors", "answer_alias": "B"}}, {"model": "posts.answer_possible", "pk": 15, "fields": {"question_id": 7, "answer_text": "je me branle", "answer_alias": "C"}}, {"model": "posts.answer_possible", "pk": 16, "fields": {"question_id": 8, "answer_text": "manger", "answer_alias": "A"}}, {"model": "posts.answer_possible", "pk": 17, "fields": {"question_id": 8, "answer_text": "dormir", "answer_alias": "B"}}, {"model": "posts.answer_possible", "pk": 18, "fields": {"question_id": 8, "answer_text": "boire", "answer_alias": "C"}}, {"model": "posts.answer_possible", "pk": 19, "fields": {"question_id": 9, "answer_text": "1", "answer_alias": "A"}}, {"model": "posts.answer_possible", "pk": 20, "fields": {"question_id": 9, "answer_text": "20", "answer_alias": "B"}}, {"model": "posts.answer_possible", "pk": 21, "fields": {"question_id": 9, "answer_text": "40", "answer_alias": "C"}}, {"model": "posts.answer_possible", "pk": 22, "fields": {"question_id": 12, "answer_text": "tttttttttttttttttttttttttttttttttttttttttttttttttttttttttttttttttttttttttttttttttttuuuuuuuuuuuuuuuuuuuuuuuuuuuuuuuuuuuuuuuuuuuuuuuuuuuuuuuuuuuuuuuuuuuuuuuuuuuu", "answer_alias": "A"}}, {"model": "posts.answer_possible", "pk": 23, "fields": {"question_id": 12, "answer_text": "", "answer_alias": "B"}}, {"model": "posts.answer_possible", "pk": 24, "fields": {"question_id": 12, "answer_text": "", "answer_alias": "C"}}, {"model": "posts.answer_possible", "pk": 25, "fields": {"question_id": 13, "answer_text": "Rindra", "answer_alias": "A"}}, {"model": "posts.answer_possible", "pk": 26, "fields": {"question_id": 13, "answer_text": "Lindsay", "answer_alias": "B"}}, {"model": "posts.answer_possible", "pk": 27, "fields": {"question_id": 13, "answer_text": "Jenny", "answer_alias": "C"}}, {"model": "posts.answer_possible", "pk": 28, "fields": {"question_id": 14, "answer_text": "Anosibe", "answer_alias": "A"}}, {"model": "posts.answer_possible", "pk": 29, "fields": {"question_id": 14, "answer_text": "Andraharo", "answer_alias": "B"}}, {"model": "posts.answer_possible", "pk": 30, "fields": {"question_id": 14, "answer_text": "nullpart", "answer_alias": "C"}}, {"model": "posts.answer_possible", "pk": 31, "fields": {"question_id": 15, "answer_text": "15", "answer_alias": "A"}}, {"model": "posts.answer_possible", "pk": 32, "fields": {"question_id": 15, "answer_text": "78", "answer_alias": "B"}}, {"model": "posts.answer_possible", "pk": 33, "fields": {"question_id": 15, "answer_text": "26", "answer_alias": "C"}}, {"model": "posts.notes", "pk": 2, "fields": {"matricule": 4, "formation_id": "business", "chap_id": 4, "note": 50}}, {"model": "posts.notes", "pk": 3, "fields": {"matricule": 4, "formation_id": "tendance", "chap_id": 1, "note": 100}}, {"model": "posts.notes", "pk": 4, "fields": {"matricule": 4, "formation_id": "rest_mada", "chap_id": 8, "note": 0}}, {"model": "posts.video_chap", "pk": 2, "fields": {"formation_id": "rest_mada", "chap_id": 8, "order": 0, "titre": "un petit test", "description": "un petit descr", "cours_content": "formations/cours/Ch1 - 1.mp4", "exemple_content": "UNUPLOADED", "duree_min": "UNDEFINED", "date_creation": "2024-06-22T08:49:15.030Z"}}, {"model": "posts.video_chap", "pk": 3, "fields": {"formation_id": "rest_mada", "chap_id": 8, "order": 0, "titre": "chapitre 1.2", "description": "simple descr", "cours_content": "formations/cours/Ch1 - 2.mp4", "exemple_content": "UNUPLOADED", "duree_min": "UNDEFINED", "date_creation": "2024-06-22T09:02:29.823Z"}}, {"model": "posts.video_chap", "pk": 8, "fields": {"formation_id": "rest_mada", "chap_id": 10, "order": 0, "titre": "chap 3.1", "description": "descr", "cours_content": "formations/cours/Chap 3 - 1.mp4", "exemple_content": "UNUPLOADED", "duree_min": "UNDEFINED", "date_creation": "2024-06-22T09:43:53.595Z"}}, {"model": "posts.video_chap", "pk": 10, "fields": {"formation_id": "rest_mada", "chap_id": 11, "order": 0, "titre": "chap 4.1", "description": "descr", "cours_content": "formations/cours/Chap 4 - 1.mp4", "exemple_content": "UNUPLOADED", "duree_min": "UNDEFINED", "date_creation": "2024-06-22T10:58:07.679Z"}}, {"model": "posts.video_chap", "pk": 11, "fields": {"formation_id": "rest_mada", "chap_id": 11, "order": 0, "titre": "chap 4.2", "description": "tets", "cours_content": "formations/cours/Chap 4 - 2.mp4", "exemple_content": "UNUPLOADED", "duree_min": "UNDEFINED", "date_creation": "2024-06-22T10:58:36.147Z"}}, {"model": "posts.video_chap", "pk": 12, "fields": {"formation_id": "rest_mada", "chap_id": 12, "order": 0, "titre": "chap 5.1", "description": "descr", "cours_content": "formations/cours/Cha 5 - 1.mp4", "exemple_content": "UNUPLOADED", "duree_min": "UNDEFINED", "date_creation": "2024-06-22T10:59:08.788Z"}}, {"model": "posts.video_chap", "pk": 13, "fields": {"formation_id": "rest_mada", "chap_id": 12, "order": 0, "titre": "chap 5.2", "description": "descr", "cours_content": "formations/cours/Cha 5 - 2.mp4", "exemple_content": "UNUPLOADED", "duree_min": "UNDEFINED", "date_creation": "2024-06-22T10:59:39.067Z"}}, {"model": "posts.video_chap", "pk": 14, "fields": {"formation_id": "rest_mada", "chap_id": 9, "order": 0, "titre": "chap 2.1", "description": "une petite description", "cours_content": "formations/cours/Chap 2 - 1.mp4", "exemple_content": "UNUPLOADED", "duree_min": "UNDEFINED", "date_creation": "2024-06-22T13:06:31.702Z"}}, {"model": "posts.video_chap", "pk": 15, "fields": {"formation_id": "rest_mada", "chap_id": 9, "order": 0, "titre": "chap 2.2", "description": "encore une autre description", "cours_content": "formations/cours/Chap 2 - 2.mp4", "exemple_content": "UNUPLOADED", "duree_min": "UNDEFINED", "date_creation": "2024-06-22T13:07:05.515Z"}}, {"model": "posts.atelier", "pk": 1, "fields": {"titre": "premier atelier", "date_creation": "2024-07-06", "date_debut": "2024-07-17", "lieu": "Ampefiloha", "date_fin": "2024-07-13", "heure_debut": "09:00", "heure_fin": "16:00", "type": "payant", "price": 100000, "nb_place": 12, "img": "formations/image/petr-sevcovic-e5Q5vWO55uU-unsplash.jpg", "description": "Lorem ipsum dolor sit amet, consectetur adipiscing elit. Sed do eiusmod tempor incididunt ut labore et dolore magna aliqua. Ut enim ad minim veniam, quis nostrud exercitation ullamco laboris nisi ut aliquip ex ea commodo consequat. Duis aute irure dolor in reprehenderit in voluptate velit esse cillum dolore eu fugiat nulla pariatur. Excepteur sint occaecat cupidatat non proident, sunt in culpa qui officia deserunt mollit anim id est laborum.\n"}}, {"model": "posts.atelier", "pk": 4, "fields": {"titre": "Notre atelier", "date_creation": "2024-07-20", "date_debut": "2024-07-28", "lieu": "Ampefiloha", "date_fin": "2024-07-29", "heure_debut": "08:01", "heure_fin": "17:00", "type": "gratuit", "price": 100000, "nb_place": 12, "img": "formations/image/jeshoots-com-__ZMnefoI3k-unsplash.jpg", "description": "Lorem ipsum dolor sit amet, consectetur adipiscing elit. Sed do eiusmod tempor incididunt ut labore et dolore magna aliqua. Ut enim ad minim veniam, quis nostrud exercitation ullamco laboris nisi ut aliquip ex ea commodo consequat. Duis aute irure dolor in reprehenderit in voluptate velit esse cillum dolore eu fugiat nulla pariatur. Excepteur sint occaecat cupidatat non proident, sunt in culpa qui officia deserunt mollit anim id est laborum.\n"}}, {"model": "posts.atelier", "pk": 5, "fields": {"titre": "Formation NFA", "date_creation": "2024-09-14", "date_debut": "2024-10-09", "lieu": "Anosisoa", "date_fin": "2024-10-23", "heure_debut": "08:00", "heure_fin": "17:00", "type": "gratuit", "price": 1232345, "nb_place": 12, "img": "formations/image/petr-sevcovic-e5Q5vWO55uU-unsplash.jpg", "description": "Lorem ipsum dolor sit amet, consectetur adipiscing elit. Sed do eiusmod tempor incididunt ut labore et dolore magna aliqua. Ut enim ad minim veniam, quis nostrud exercitation ullamco laboris nisi ut aliquip ex ea commodo consequat. Duis aute irure dolor in reprehenderit in voluptate velit esse cillum dolore eu fugiat nulla pariatur. Excepteur sint occaecat cupidatat non proident, sunt in culpa qui officia deserunt mollit anim id est laborum.\n"}}, {"model": "posts.atelier", "pk": 6, "fields": {"titre": "Atelier ici", "date_creation": "2024-09-14", "date_debut": "2024-08-22", "lieu": "Ampefiloha", "date_fin": "2024-08-23", "heure_debut": "19:57", "heure_fin": "15:58", "type": "payant", "price": 43253425, "nb_place": 12, "img": "formations/image/jeshoots-com-__ZMnefoI3k-unsplash.jpg", "description": "Lorem ipsum dolor sit amet, consectetur adipiscing elit. Sed do eiusmod tempor incididunt ut labore et dolore magna aliqua. Ut enim ad minim veniam, quis nostrud exercitation ullamco laboris nisi ut aliquip ex ea commodo consequat. Duis aute irure dolor in reprehenderit in voluptate velit esse cillum dolore eu fugiat nulla pariatur. Excepteur sint occaecat cupidatat non proident, sunt in culpa qui officia deserunt mollit anim id est laborum.\n"}}, {"model": "posts.atelier", "pk": 7, "fields": {"titre": "Un autre", "date_creation": "2024-09-14", "date_debut": "2024-09-15", "lieu": "Ampefiloha", "date_fin": "2024-09-16", "heure_debut": "15:03", "heure_fin": "22:59", "type": "gratuit", "price": 65575, "nb_place": 12, "img": "formations/image/nick-karvounis-Ciqxn7FE4vE-unsplash.jpg", "description": "Lorem ipsum dolor sit amet, consectetur adipiscing elit. Sed do eiusmod tempor incididunt ut labore et dolore magna aliqua. Ut enim ad minim veniam, quis nostrud exercitation ullamco laboris nisi ut aliquip ex ea commodo consequat. Duis aute irure dolor in reprehenderit in voluptate velit esse cillum dolore eu fugiat nulla pariatur. Excepteur sint occaecat cupidatat non proident, sunt in culpa qui officia deserunt mollit anim id est laborum.\n"}}, {"model": "posts.souscription_atelier", "pk": 17, "fields": {"matricule": 4, "atelier_id": 4, "date_inscription": "2024-08-03", "priority": 1}}, {"model": "posts.souscription_atelier", "pk": 23, "fields": {"matricule": 4, "atelier_id": 1, "date_inscription": "2024-08-31", "priority": 1}}, {"model": "auth.permission", "pk": 1, "fields": {"name": "Can add log entry", "content_type": 1, "codename": "add_logentry"}}, {"model": "auth.permission", "pk": 2, "fields": {"name": "Can change log entry", "content_type": 1, "codename": "change_logentry"}}, {"model": "auth.permission", "pk": 3, "fields": {"name": "Can delete log entry", "content_type": 1, "codename": "delete_logentry"}}, {"model": "auth.permission", "pk": 4, "fields": {"name": "Can view log entry", "content_type": 1, "codename": "view_logentry"}}, {"model": "auth.permission", "pk": 5, "fields": {"name": "Can add permission", "content_type": 2, "codename": "add_permission"}}, {"model": "auth.permission", "pk": 6, "fields": {"name": "Can change permission", "content_type": 2, "codename": "change_permission"}}, {"model": "auth.permission", "pk": 7, "fields": {"name": "Can delete permission", "content_type": 2, "codename": "delete_permission"}}, {"model": "auth.permission", "pk": 8, "fields": {"name": "Can view permission", "content_type": 2, "codename": "view_permission"}}, {"model": "auth.permission", "pk": 9, "fields": {"name": "Can add group", "content_type": 3, "codename": "add_group"}}, {"model": "auth.permission", "pk": 10, "fields": {"name": "Can change group", "content_type": 3, "codename": "change_group"}}, {"model": "auth.permission", "pk": 11, "fields": {"name": "Can delete group", "content_type": 3, "codename": "delete_group"}}, {"model": "auth.permission", "pk": 12, "fields": {"name": "Can view group", "content_type": 3, "codename": "view_group"}}, {"model": "auth.permission", "pk": 13, "fields": {"name": "Can add user", "content_type": 4, "codename": "add_user"}}, {"model": "auth.permission", "pk": 14, "fields": {"name": "Can change user", "content_type": 4, "codename": "change_user"}}, {"model": "auth.permission", "pk": 15, "fields": {"name": "Can delete user", "content_type": 4, "codename": "delete_user"}}, {"model": "auth.permission", "pk": 16, "fields": {"name": "Can view user", "content_type": 4, "codename": "view_user"}}, {"model": "auth.permission", "pk": 17, "fields": {"name": "Can add content type", "content_type": 5, "codename": "add_contenttype"}}, {"model": "auth.permission", "pk": 18, "fields": {"name": "Can change content type", "content_type": 5, "codename": "change_contenttype"}}, {"model": "auth.permission", "pk": 19, "fields": {"name": "Can delete content type", "content_type": 5, "codename": "delete_contenttype"}}, {"model": "auth.permission", "pk": 20, "fields": {"name": "Can view content type", "content_type": 5, "codename": "view_contenttype"}}, {"model": "auth.permission", "pk": 21, "fields": {"name": "Can add session", "content_type": 6, "codename": "add_session"}}, {"model": "auth.permission", "pk": 22, "fields": {"name": "Can change session", "content_type": 6, "codename": "change_session"}}, {"model": "auth.permission", "pk": 23, "fields": {"name": "Can delete session", "content_type": 6, "codename": "delete_session"}}, {"model": "auth.permission", "pk": 24, "fields": {"name": "Can view session", "content_type": 6, "codename": "view_session"}}, {"model": "auth.permission", "pk": 25, "fields": {"name": "Can add cart", "content_type": 7, "codename": "add_cart"}}, {"model": "auth.permission", "pk": 26, "fields": {"name": "Can change cart", "content_type": 7, "codename": "change_cart"}}, {"model": "auth.permission", "pk": 27, "fields": {"name": "Can delete cart", "content_type": 7, "codename": "delete_cart"}}, {"model": "auth.permission", "pk": 28, "fields": {"name": "Can view cart", "content_type": 7, "codename": "view_cart"}}, {"model": "auth.permission", "pk": 29, "fields": {"name": "Can add category", "content_type": 8, "codename": "add_category"}}, {"model": "auth.permission", "pk": 30, "fields": {"name": "Can change category", "content_type": 8, "codename": "change_category"}}, {"model": "auth.permission", "pk": 31, "fields": {"name": "Can delete category", "content_type": 8, "codename": "delete_category"}}, {"model": "auth.permission", "pk": 32, "fields": {"name": "Can view category", "content_type": 8, "codename": "view_category"}}, {"model": "auth.permission", "pk": 33, "fields": {"name": "Can add main course", "content_type": 9, "codename": "add_maincourse"}}, {"model": "auth.permission", "pk": 34, "fields": {"name": "Can change main course", "content_type": 9, "codename": "change_maincourse"}}, {"model": "auth.permission", "pk": 35, "fields": {"name": "Can delete main course", "content_type": 9, "codename": "delete_maincourse"}}, {"model": "auth.permission", "pk": 36, "fields": {"name": "Can view main course", "content_type": 9, "codename": "view_maincourse"}}, {"model": "auth.permission", "pk": 37, "fields": {"name": "Can add post", "content_type": 10, "codename": "add_post"}}, {"model": "auth.permission", "pk": 38, "fields": {"name": "Can change post", "content_type": 10, "codename": "change_post"}}, {"model": "auth.permission", "pk": 39, "fields": {"name": "Can delete post", "content_type": 10, "codename": "delete_post"}}, {"model": "auth.permission", "pk": 40, "fields": {"name": "Can view post", "content_type": 10, "codename": "view_post"}}, {"model": "auth.permission", "pk": 41, "fields": {"name": "Can add order", "content_type": 11, "codename": "add_order"}}, {"model": "auth.permission", "pk": 42, "fields": {"name": "Can change order", "content_type": 11, "codename": "change_order"}}, {"model": "auth.permission", "pk": 43, "fields": {"name": "Can delete order", "content_type": 11, "codename": "delete_order"}}, {"model": "auth.permission", "pk": 44, "fields": {"name": "Can view order", "content_type": 11, "codename": "view_order"}}, {"model": "auth.permission", "pk": 45, "fields": {"name": "Can add curriculam", "content_type": 12, "codename": "add_curriculam"}}, {"model": "auth.permission", "pk": 46, "fields": {"name": "Can change curriculam", "content_type": 12, "codename": "change_curriculam"}}, {"model": "auth.permission", "pk": 47, "fields": {"name": "Can delete curriculam", "content_type": 12, "codename": "delete_curriculam"}}, {"model": "auth.permission", "pk": 48, "fields": {"name": "Can view curriculam", "content_type": 12, "codename": "view_curriculam"}}, {"model": "auth.permission", "pk": 49, "fields": {"name": "Can add comment", "content_type": 13, "codename": "add_comment"}}, {"model": "auth.permission", "pk": 50, "fields": {"name": "Can change comment", "content_type": 13, "codename": "change_comment"}}, {"model": "auth.permission", "pk": 51, "fields": {"name": "Can delete comment", "content_type": 13, "codename": "delete_comment"}}, {"model": "auth.permission", "pk": 52, "fields": {"name": "Can view comment", "content_type": 13, "codename": "view_comment"}}, {"model": "auth.permission", "pk": 53, "fields": {"name": "Can add boxes_three", "content_type": 14, "codename": "add_boxes_three"}}, {"model": "auth.permission", "pk": 54, "fields": {"name": "Can change boxes_three", "content_type": 14, "codename": "change_boxes_three"}}, {"model": "auth.permission", "pk": 55, "fields": {"name": "Can delete boxes_three", "content_type": 14, "codename": "delete_boxes_three"}}, {"model": "auth.permission", "pk": 56, "fields": {"name": "Can view boxes_three", "content_type": 14, "codename": "view_boxes_three"}}, {"model": "auth.permission", "pk": 57, "fields": {"name": "Can add reviews", "content_type": 15, "codename": "add_reviews"}}, {"model": "auth.permission", "pk": 58, "fields": {"name": "Can change reviews", "content_type": 15, "codename": "change_reviews"}}, {"model": "auth.permission", "pk": 59, "fields": {"name": "Can delete reviews", "content_type": 15, "codename": "delete_reviews"}}, {"model": "auth.permission", "pk": 60, "fields": {"name": "Can view reviews", "content_type": 15, "codename": "view_reviews"}}, {"model": "auth.permission", "pk": 61, "fields": {"name": "Can add features", "content_type": 16, "codename": "add_features"}}, {"model": "auth.permission", "pk": 62, "fields": {"name": "Can change features", "content_type": 16, "codename": "change_features"}}, {"model": "auth.permission", "pk": 63, "fields": {"name": "Can delete features", "content_type": 16, "codename": "delete_features"}}, {"model": "auth.permission", "pk": 64, "fields": {"name": "Can view features", "content_type": 16, "codename": "view_features"}}, {"model": "auth.permission", "pk": 65, "fields": {"name": "Can add faq", "content_type": 17, "codename": "add_faq"}}, {"model": "auth.permission", "pk": 66, "fields": {"name": "Can change faq", "content_type": 17, "codename": "change_faq"}}, {"model": "auth.permission", "pk": 67, "fields": {"name": "Can delete faq", "content_type": 17, "codename": "delete_faq"}}, {"model": "auth.permission", "pk": 68, "fields": {"name": "Can view faq", "content_type": 17, "codename": "view_faq"}}, {"model": "auth.permission", "pk": 69, "fields": {"name": "Can add timing", "content_type": 18, "codename": "add_timing"}}, {"model": "auth.permission", "pk": 70, "fields": {"name": "Can change timing", "content_type": 18, "codename": "change_timing"}}, {"model": "auth.permission", "pk": 71, "fields": {"name": "Can delete timing", "content_type": 18, "codename": "delete_timing"}}, {"model": "auth.permission", "pk": 72, "fields": {"name": "Can view timing", "content_type": 18, "codename": "view_timing"}}, {"model": "auth.permission", "pk": 73, "fields": {"name": "Can add certificate", "content_type": 19, "codename": "add_certificate"}}, {"model": "auth.permission", "pk": 74, "fields": {"name": "Can change certificate", "content_type": 19, "codename": "change_certificate"}}, {"model": "auth.permission", "pk": 75, "fields": {"name": "Can delete certificate", "content_type": 19, "codename": "delete_certificate"}}, {"model": "auth.permission", "pk": 76, "fields": {"name": "Can view certificate", "content_type": 19, "codename": "view_certificate"}}, {"model": "auth.permission", "pk": 77, "fields": {"name": "Can add clients", "content_type": 20, "codename": "add_clients"}}, {"model": "auth.permission", "pk": 78, "fields": {"name": "Can change clients", "content_type": 20, "codename": "change_clients"}}, {"model": "auth.permission", "pk": 79, "fields": {"name": "Can delete clients", "content_type": 20, "codename": "delete_clients"}}, {"model": "auth.permission", "pk": 80, "fields": {"name": "Can view clients", "content_type": 20, "codename": "view_clients"}}, {"model": "auth.permission", "pk": 81, "fields": {"name": "Can add video", "content_type": 21, "codename": "add_video"}}, {"model": "auth.permission", "pk": 82, "fields": {"name": "Can change video", "content_type": 21, "codename": "change_video"}}, {"model": "auth.permission", "pk": 83, "fields": {"name": "Can delete video", "content_type": 21, "codename": "delete_video"}}, {"model": "auth.permission", "pk": 84, "fields": {"name": "Can view video", "content_type": 21, "codename": "view_video"}}, {"model": "auth.permission", "pk": 85, "fields": {"name": "Can add subcat", "content_type": 22, "codename": "add_subcat"}}, {"model": "auth.permission", "pk": 86, "fields": {"name": "Can change subcat", "content_type": 22, "codename": "change_subcat"}}, {"model": "auth.permission", "pk": 87, "fields": {"name": "Can delete subcat", "content_type": 22, "codename": "delete_subcat"}}, {"model": "auth.permission", "pk": 88, "fields": {"name": "Can view subcat", "content_type": 22, "codename": "view_subcat"}}, {"model": "auth.permission", "pk": 89, "fields": {"name": "Can add blog", "content_type": 23, "codename": "add_blog"}}, {"model": "auth.permission", "pk": 90, "fields": {"name": "Can change blog", "content_type": 23, "codename": "change_blog"}}, {"model": "auth.permission", "pk": 91, "fields": {"name": "Can delete blog", "content_type": 23, "codename": "delete_blog"}}, {"model": "auth.permission", "pk": 92, "fields": {"name": "Can view blog", "content_type": 23, "codename": "view_blog"}}, {"model": "auth.permission", "pk": 93, "fields": {"name": "Can add tcforblog", "content_type": 24, "codename": "add_tcforblog"}}, {"model": "auth.permission", "pk": 94, "fields": {"name": "Can change tcforblog", "content_type": 24, "codename": "change_tcforblog"}}, {"model": "auth.permission", "pk": 95, "fields": {"name": "Can delete tcforblog", "content_type": 24, "codename": "delete_tcforblog"}}, {"model": "auth.permission", "pk": 96, "fields": {"name": "Can view tcforblog", "content_type": 24, "codename": "view_tcforblog"}}, {"model": "auth.permission", "pk": 97, "fields": {"name": "Can add blankpage", "content_type": 25, "codename": "add_blankpage"}}, {"model": "auth.permission", "pk": 98, "fields": {"name": "Can change blankpage", "content_type": 25, "codename": "change_blankpage"}}, {"model": "auth.permission", "pk": 99, "fields": {"name": "Can delete blankpage", "content_type": 25, "codename": "delete_blankpage"}}, {"model": "auth.permission", "pk": 100, "fields": {"name": "Can view blankpage", "content_type": 25, "codename": "view_blankpage"}}, {"model": "auth.permission", "pk": 101, "fields": {"name": "Can add promocode", "content_type": 26, "codename": "add_promocode"}}, {"model": "auth.permission", "pk": 102, "fields": {"name": "Can change promocode", "content_type": 26, "codename": "change_promocode"}}, {"model": "auth.permission", "pk": 103, "fields": {"name": "Can delete promocode", "content_type": 26, "codename": "delete_promocode"}}, {"model": "auth.permission", "pk": 104, "fields": {"name": "Can view promocode", "content_type": 26, "codename": "view_promocode"}}, {"model": "auth.permission", "pk": 105, "fields": {"name": "Can add offers", "content_type": 27, "codename": "add_offers"}}, {"model": "auth.permission", "pk": 106, "fields": {"name": "Can change offers", "content_type": 27, "codename": "change_offers"}}, {"model": "auth.permission", "pk": 107, "fields": {"name": "Can delete offers", "content_type": 27, "codename": "delete_offers"}}, {"model": "auth.permission", "pk": 108, "fields": {"name": "Can view offers", "content_type": 27, "codename": "view_offers"}}, {"model": "auth.permission", "pk": 109, "fields": {"name": "Can add partenaires", "content_type": 28, "codename": "add_partenaires"}}, {"model": "auth.permission", "pk": 110, "fields": {"name": "Can change partenaires", "content_type": 28, "codename": "change_partenaires"}}, {"model": "auth.permission", "pk": 111, "fields": {"name": "Can delete partenaires", "content_type": 28, "codename": "delete_partenaires"}}, {"model": "auth.permission", "pk": 112, "fields": {"name": "Can view partenaires", "content_type": 28, "codename": "view_partenaires"}}, {"model": "auth.permission", "pk": 113, "fields": {"name": "Can add formation", "content_type": 29, "codename": "add_formation"}}, {"model": "auth.permission", "pk": 114, "fields": {"name": "Can change formation", "content_type": 29, "codename": "change_formation"}}, {"model": "auth.permission", "pk": 115, "fields": {"name": "Can delete formation", "content_type": 29, "codename": "delete_formation"}}, {"model": "auth.permission", "pk": 116, "fields": {"name": "Can view formation", "content_type": 29, "codename": "view_formation"}}, {"model": "auth.permission", "pk": 117, "fields": {"name": "Can add bientot", "content_type": 30, "codename": "add_bientot"}}, {"model": "auth.permission", "pk": 118, "fields": {"name": "Can change bientot", "content_type": 30, "codename": "change_bientot"}}, {"model": "auth.permission", "pk": 119, "fields": {"name": "Can delete bientot", "content_type": 30, "codename": "delete_bientot"}}, {"model": "auth.permission", "pk": 120, "fields": {"name": "Can view bientot", "content_type": 30, "codename": "view_bientot"}}, {"model": "auth.permission", "pk": 121, "fields": {"name": "Can add collabo", "content_type": 31, "codename": "add_collabo"}}, {"model": "auth.permission", "pk": 122, "fields": {"name": "Can change collabo", "content_type": 31, "codename": "change_collabo"}}, {"model": "auth.permission", "pk": 123, "fields": {"name": "Can delete collabo", "content_type": 31, "codename": "delete_collabo"}}, {"model": "auth.permission", "pk": 124, "fields": {"name": "Can view collabo", "content_type": 31, "codename": "view_collabo"}}, {"model": "auth.permission", "pk": 125, "fields": {"name": "Can add utilisateur", "content_type": 32, "codename": "add_utilisateur"}}, {"model": "auth.permission", "pk": 126, "fields": {"name": "Can change utilisateur", "content_type": 32, "codename": "change_utilisateur"}}, {"model": "auth.permission", "pk": 127, "fields": {"name": "Can delete utilisateur", "content_type": 32, "codename": "delete_utilisateur"}}, {"model": "auth.permission", "pk": 128, "fields": {"name": "Can view utilisateur", "content_type": 32, "codename": "view_utilisateur"}}, {"model": "auth.permission", "pk": 129, "fields": {"name": "Can add chapitre", "content_type": 33, "codename": "add_chapitre"}}, {"model": "auth.permission", "pk": 130, "fields": {"name": "Can change chapitre", "content_type": 33, "codename": "change_chapitre"}}, {"model": "auth.permission", "pk": 131, "fields": {"name": "Can delete chapitre", "content_type": 33, "codename": "delete_chapitre"}}, {"model": "auth.permission", "pk": 132, "fields": {"name": "Can view chapitre", "content_type": 33, "codename": "view_chapitre"}}, {"model": "auth.permission", "pk": 133, "fields": {"name": "Can add quizz", "content_type": 34, "codename": "add_quizz"}}, {"model": "auth.permission", "pk": 134, "fields": {"name": "Can change quizz", "content_type": 34, "codename": "change_quizz"}}, {"model": "auth.permission", "pk": 135, "fields": {"name": "Can delete quizz", "content_type": 34, "codename": "delete_quizz"}}, {"model": "auth.permission", "pk": 136, "fields": {"name": "Can view quizz", "content_type": 34, "codename": "view_quizz"}}, {"model": "auth.permission", "pk": 137, "fields": {"name": "Can add ojectif", "content_type": 35, "codename": "add_ojectif"}}, {"model": "auth.permission", "pk": 138, "fields": {"name": "Can change ojectif", "content_type": 35, "codename": "change_ojectif"}}, {"model": "auth.permission", "pk": 139, "fields": {"name": "Can delete ojectif", "content_type": 35, "codename": "delete_ojectif"}}, {"model": "auth.permission", "pk": 140, "fields": {"name": "Can view ojectif", "content_type": 35, "codename": "view_ojectif"}}, {"model": "auth.permission", "pk": 141, "fields": {"name": "Can add objectif", "content_type": 35, "codename": "add_objectif"}}, {"model": "auth.permission", "pk": 142, "fields": {"name": "Can change objectif", "content_type": 35, "codename": "change_objectif"}}, {"model": "auth.permission", "pk": 143, "fields": {"name": "Can delete objectif", "content_type": 35, "codename": "delete_objectif"}}, {"model": "auth.permission", "pk": 144, "fields": {"name": "Can view objectif", "content_type": 35, "codename": "view_objectif"}}, {"model": "auth.permission", "pk": 145, "fields": {"name": "Can add demande_inscription", "content_type": 36, "codename": "add_demande_inscription"}}, {"model": "auth.permission", "pk": 146, "fields": {"name": "Can change demande_inscription", "content_type": 36, "codename": "change_demande_inscription"}}, {"model": "auth.permission", "pk": 147, "fields": {"name": "Can delete demande_inscription", "content_type": 36, "codename": "delete_demande_inscription"}}, {"model": "auth.permission", "pk": 148, "fields": {"name": "Can view demande_inscription", "content_type": 36, "codename": "view_demande_inscription"}}, {"model": "auth.permission", "pk": 149, "fields": {"name": "Can add student_progess", "content_type": 37, "codename": "add_student_progess"}}, {"model": "auth.permission", "pk": 150, "fields": {"name": "Can change student_progess", "content_type": 37, "codename": "change_student_progess"}}, {"model": "auth.permission", "pk": 151, "fields": {"name": "Can delete student_progess", "content_type": 37, "codename": "delete_student_progess"}}, {"model": "auth.permission", "pk": 152, "fields": {"name": "Can view student_progess", "content_type": 37, "codename": "view_student_progess"}}, {"model": "auth.permission", "pk": 153, "fields": {"name": "Can add souscription_formation", "content_type": 38, "codename": "add_souscription_formation"}}, {"model": "auth.permission", "pk": 154, "fields": {"name": "Can change souscription_formation", "content_type": 38, "codename": "change_souscription_formation"}}, {"model": "auth.permission", "pk": 155, "fields": {"name": "Can delete souscription_formation", "content_type": 38, "codename": "delete_souscription_formation"}}, {"model": "auth.permission", "pk": 156, "fields": {"name": "Can view souscription_formation", "content_type": 38, "codename": "view_souscription_formation"}}, {"model": "auth.permission", "pk": 157, "fields": {"name": "Can add paiement", "content_type": 39, "codename": "add_paiement"}}, {"model": "auth.permission", "pk": 158, "fields": {"name": "Can change paiement", "content_type": 39, "codename": "change_paiement"}}, {"model": "auth.permission", "pk": 159, "fields": {"name": "Can delete paiement", "content_type": 39, "codename": "delete_paiement"}}, {"model": "auth.permission", "pk": 160, "fields": {"name": "Can view paiement", "content_type": 39, "codename": "view_paiement"}}, {"model": "auth.permission", "pk": 161, "fields": {"name": "Can add question", "content_type": 40, "codename": "add_question"}}, {"model": "auth.permission", "pk": 162, "fields": {"name": "Can change question", "content_type": 40, "codename": "change_question"}}, {"model": "auth.permission", "pk": 163, "fields": {"name": "Can delete question", "content_type": 40, "codename": "delete_question"}}, {"model": "auth.permission", "pk": 164, "fields": {"name": "Can view question", "content_type": 40, "codename": "view_question"}}, {"model": "auth.permission", "pk": 165, "fields": {"name": "Can add true_answer", "content_type": 41, "codename": "add_true_answer"}}, {"model": "auth.permission", "pk": 166, "fields": {"name": "Can change true_answer", "content_type": 41, "codename": "change_true_answer"}}, {"model": "auth.permission", "pk": 167, "fields": {"name": "Can delete true_answer", "content_type": 41, "codename": "delete_true_answer"}}, {"model": "auth.permission", "pk": 168, "fields": {"name": "Can view true_answer", "content_type": 41, "codename": "view_true_answer"}}, {"model": "auth.permission", "pk": 169, "fields": {"name": "Can add answer_possible", "content_type": 42, "codename": "add_answer_possible"}}, {"model": "auth.permission", "pk": 170, "fields": {"name": "Can change answer_possible", "content_type": 42, "codename": "change_answer_possible"}}, {"model": "auth.permission", "pk": 171, "fields": {"name": "Can delete answer_possible", "content_type": 42, "codename": "delete_answer_possible"}}, {"model": "auth.permission", "pk": 172, "fields": {"name": "Can view answer_possible", "content_type": 42, "codename": "view_answer_possible"}}, {"model": "auth.permission", "pk": 173, "fields": {"name": "Can add notes", "content_type": 43, "codename": "add_notes"}}, {"model": "auth.permission", "pk": 174, "fields": {"name": "Can change notes", "content_type": 43, "codename": "change_notes"}}, {"model": "auth.permission", "pk": 175, "fields": {"name": "Can delete notes", "content_type": 43, "codename": "delete_notes"}}, {"model": "auth.permission", "pk": 176, "fields": {"name": "Can view notes", "content_type": 43, "codename": "view_notes"}}, {"model": "auth.permission", "pk": 177, "fields": {"name": "Can add video_chap", "content_type": 44, "codename": "add_video_chap"}}, {"model": "auth.permission", "pk": 178, "fields": {"name": "Can change video_chap", "content_type": 44, "codename": "change_video_chap"}}, {"model": "auth.permission", "pk": 179, "fields": {"name": "Can delete video_chap", "content_type": 44, "codename": "delete_video_chap"}}, {"model": "auth.permission", "pk": 180, "fields": {"name": "Can view video_chap", "content_type": 44, "codename": "view_video_chap"}}, {"model": "auth.permission", "pk": 181, "fields": {"name": "Can add atelier", "content_type": 45, "codename": "add_atelier"}}, {"model": "auth.permission", "pk": 182, "fields": {"name": "Can change atelier", "content_type": 45, "codename": "change_atelier"}}, {"model": "auth.permission", "pk": 183, "fields": {"name": "Can delete atelier", "content_type": 45, "codename": "delete_atelier"}}, {"model": "auth.permission", "pk": 184, "fields": {"name": "Can view atelier", "content_type": 45, "codename": "view_atelier"}}, {"model": "auth.permission", "pk": 185, "fields": {"name": "Can add souscription_atelier", "content_type": 46, "codename": "add_souscription_atelier"}}, {"model": "auth.permission", "pk": 186, "fields": {"name": "Can change souscription_atelier", "content_type": 46, "codename": "change_souscription_atelier"}}, {"model": "auth.permission", "pk": 187, "fields": {"name": "Can delete souscription_atelier", "content_type": 46, "codename": "delete_souscription_atelier"}}, {"model": "auth.permission", "pk": 188, "fields": {"name": "Can view souscription_atelier", "content_type": 46, "codename": "view_souscription_atelier"}}, {"model": "auth.user", "pk": 2, "fields": {"password": "pbkdf2_sha256$180000$SEPwO4aWl6XT$kK2GTfMOXSCdzooztoHPVaFdILrcCv1waO2B87/zTB8=", "last_login": "2024-09-28T08:55:35.915Z", "is_superuser": true, "username": "admin", "first_name": "admin", "last_name": "admin", "email": "admin@gmail.com", "is_staff": false, "is_active": true, "date_joined": "2024-02-12T18:23:56.884Z", "groups": [], "user_permissions": []}}, {"model": "auth.user", "pk": 4, "fields": {"password": "pbkdf2_sha256$180000$QZkcqJmWxIRf$NtLO7d8m+Z4wCoGCHWcjzgoi3lPyt8hZdTgmcgOGqSc=", "last_login": "2024-10-05T07:19:00.962Z", "is_superuser": false, "username": "wogg", "first_name": "Andriamanantena", "last_name": "Lindsay Wogg", "email": "newsolomail@gmail.com", "is_staff": false, "is_active": true, "date_joined": "2024-02-17T07:02:39.146Z", "groups": [], "user_permissions": []}}, {"model": "auth.user", "pk": 17, "fields": {"password": "pbkdf2_sha256$180000$YCZsYozzHpXQ$Hj18JlpL6IUYR/eIy+rdtsLpqKnQequAmiq4F+WWRMg=", "last_login": "2024-08-24T14:18:01.628Z", "is_superuser": false, "username": "thierry", "first_name": "Thierry", "last_name": "Andriamanantena", "email": "thierry@gmail.com", "is_staff": false, "is_active": true, "date_joined": "2024-03-30T17:06:12.519Z", "groups": [], "user_permissions": []}}, {"model": "auth.user", "pk": 18, "fields": {"password": "pbkdf2_sha256$180000$tkG5bFgapcqw$U8rNqUah+iP8GsALAhAE0qO2vZVBnXJWqQv6yHPXXdY=", "last_login": "2024-08-31T13:37:55.012Z", "is_superuser": false, "username": "fanja", "first_name": "Annissah", "last_name": "Fanjatiana", "email": "fanjatiana@gmail.com", "is_staff": false, "is_active": true, "date_joined": "2024-03-30T17:25:20.801Z", "groups": [], "user_permissions": []}}, {"model": "auth.user", "pk": 19, "fields": {"password": "pbkdf2_sha256$180000$RJfP4VwoivCm$vaDFJzbT/SQ80i/cpd1LFu0ZWQk5Pn/mksuouJd8UL8=", "last_login": null, "is_superuser": false, "username": "toky45", "first_name": "Rojovola", "last_name": "Rakotomamonjy", "email": "toky45@gmail.com", "is_staff": false, "is_active": true, "date_joined": "2024-09-07T09:05:07.849Z", "groups": [], "user_permissions": []}}]